ModelFile;PositionX;PositionY;PositionZ;RotationX;RotationY;RotationZ;ScaleFactor;ModelId;Type
duskwoodabandoned_barn.obj;17518.41;33.8966;15026.07;0;34;0;;130460;wmo
westfallgrainsilo01.obj;17531.82;33.28548;15041.59;0;275;0;;130462;wmo
westfallgrainsilo01.obj;17520.42;33.17437;15050.23;0;273.5;0;;130463;wmo
ruinedhumanguardtower01.obj;17596.63;81.6455;14915.69;0;91.5;0;;132839;wmo
westfallfarmhouseburnt.obj;17519.07;31.50772;15105.34;0;357.5;0;;148253;wmo
tirisfallgladecanopytree02.obj;17513.57;38.05365;14997.14;1;254.5;-2;1;132646;m2
tirisfallgladecanopytree02.obj;17451;33.99378;15134.88;1;123.5;-2;1;132755;m2
tirisfallgladecanopytree02.obj;17114.15;34.67223;15019.14;1;198.5;-2;1;132762;m2
tirisfallgladecanopytree02.obj;17123.04;37.51557;15002.64;1;189.5;-2;1;132763;m2
tirisfallgladecanopytree02.obj;17610.19;50.86652;15015.38;1;0;-2;1;132634;m2
tirisfallgladecanopytree02.obj;17420.44;75.78465;14914.18;1;263;-2;1;132748;m2
tirisfallgladecanopytree02.obj;17409.38;75.83749;14899.06;1;254;-2;1;132749;m2
tirisfallgladecanopytree02.obj;17469.24;34.57582;15139.2;1;114.5;-2;1;132756;m2
tirisfallgladecanopytree02.obj;17262.4;41.51138;14919.68;1;308.5;-2;1;133033;m2
tirisfallgladecanopytree03.obj;17092.19;60.70708;15444.26;0;254.056;0;1.195313;5497746;m2
tirisfallgladecanopytree06.obj;17607.15;44.17748;15407.16;0;82.8121;0;1.19043;143376;m2
tirisfallgladecanopytree04.obj;17499.42;33.12097;15256.09;-0.5;190.544;9.5;1.018555;132565;m2
tirisfallgladecanopytree06.obj;17612;40.75624;15282.54;0;188.3121;0;1.110352;132856;m2
tirisfallgladecanopytree06.obj;17245.26;32.48544;15087.42;0;324.312;0;1.109375;132860;m2
tirisfallgladecanopytree06.obj;17396.29;58.80695;15452.13;0;170.312;0;1.109375;143280;m2
tirisfallgladecanopytree06.obj;17535.62;48.76954;15464.65;0;160.312;0;1.109375;143284;m2
tirisfallgladecanopytree06.obj;17552.27;36.78301;15255.68;0;259.812;0;1.109375;143300;m2
tirisfallgladecanopytree06.obj;17372.33;36.62712;15316.07;0;259.812;0;1.109375;143368;m2
tirisfallgladecanopytree06.obj;17323.52;47.6082;15387.6;0;259.812;0;1.109375;143388;m2
tirisfallgladecanopytree04.obj;17170.44;39.66589;14982.02;-0.5;276.044;9.5;0.9892578;132771;m2
tirisfallgladecanopytree04.obj;17249.72;37.01533;15183.01;-0.5;276.044;9.5;0.9892578;333805;m2
tirisfallgladecanopytree04.obj;17499.56;34.7917;15168.02;-0.5;276.044;9.5;0.9892578;132777;m2
tirisfallgladecanopytree06.obj;17476.05;35.75426;15144.52;1;123.5;8;1;132751;m2
tirisfallgladecanopytree06.obj;17121.49;35.9039;15013.94;1;198.5;8;1;132760;m2
tirisfallgladecanopytree06.obj;17601.58;48.20033;15017.98;1;0;8;1;132636;m2
tirisfallgladecanopytree06.obj;17513.37;40.75747;14988.15;1;254.5;8;1;132648;m2
tirisfallgladecanopytree06.obj;17457.92;34.80502;15140.62;1;123.5;8;1;132753;m2
tirisfallgladecanopytree06.obj;17129.96;38.91969;14997.43;1;198.5;8;1;132758;m2
tirisfallgladecanopytree06.obj;17255.02;43.78976;14914.57;1;308.5;8;1;133031;m2
tirisfallgladecanopytree06.obj;17313.03;39.82967;15013.59;3.5;6.5;-1;1;132693;m2
tirisfallgladecanopytree06.obj;17594.16;43.31851;15133.19;3.5;346;-1;1;132681;m2
tirisfallgladecanopytree06.obj;17303.54;35.43606;15065.25;3.5;63.5;-1;1;132685;m2
tirisfallgladecanopytree06.obj;17062.88;42.25714;15012.05;3.5;63.5;-1;1;132689;m2
tirisfallgladecanopytree06.obj;17325.95;35.04991;15124.16;0.5;111.879;-6.5;0.9873047;132584;m2
tirisfallgladecanopytree06.obj;17350.63;40.87365;15255.13;0.5;198.379;-6.5;0.9873047;336879;m2
tirisfallgladecanopytree06.obj;17305.11;51.97238;14926.81;0.5;213.879;-6.5;0.9873047;132591;m2
tirisfallgladecanopytree06.obj;17481.72;43.79229;15400.79;0;154.8121;0;1.000977;143372;m2
tirisfallgladecanopytree04.obj;17523.73;41.95247;15374.05;-0.5;311.544;9.5;0.9091797;143272;m2
tirisfallgladecanopytree03.obj;17245.15;33.43301;15045.91;4.5;156.122;-3.5;0.9199219;132633;m2
tirisfallgladecanopytree06.obj;17552.08;38.28806;15331.48;0.5;293.379;-6.5;0.9472656;132577;m2
tirisfallgladecanopytree05.obj;17605.87;48.58126;15025.39;-0.5;0;4.5;0.9599609;132637;m2
tirisfallgladecanopytree05.obj;17505.08;39.99316;14990.31;-0.5;254.5;4.5;0.9599609;132649;m2
tirisfallgladecanopytree05.obj;17125.65;39.61611;14992.06;-0.5;189.5;4.5;0.9599609;132764;m2
tirisfallgladecanopytree05.obj;17251.89;42.27584;14922.53;-0.5;308.5;4.5;0.9599609;133034;m2
tirisfallgladecanopytree05.obj;17480.13;35.58105;15138.97;-0.5;114.5;4.5;0.9599609;132757;m2
tirisfallgladecanopytree04.obj;17044.63;54.76208;15212.94;-0.5;186.544;9.5;0.8984375;570911;m2
tirisfallgladecanopytree04.obj;17254.24;43.1659;14973.66;-0.5;228.544;9.5;0.8886719;132605;m2
tirisfallgladecanopytree04.obj;17445.24;43.60912;15441.85;-0.5;228.544;9.5;0.8886719;143262;m2
tirisfallgladecanopytree02.obj;17277.5;34.81801;15048.37;1;75;-2;0.8085938;132658;m2
tirisfallgladecanopytree04.obj;17312.54;52.45013;14939.06;-6;212.5;5.5;0.859375;132593;m2
tirisfallgladecanopytree04.obj;17312.42;33.31682;15128.88;-6;110.5;5.5;0.859375;132586;m2
tirisfallgladecanopytree04.obj;17354.52;39.51863;15268.92;-6;197;5.5;0.859375;336881;m2
tirisfallgladecanopytree05.obj;17615.71;59.10039;14979.64;-1;190.5;-10;0.8984375;132663;m2
tirisfallgladecanopytree05.obj;17586.37;39.93171;15077.29;-1;190.5;-10;0.8984375;132666;m2
tirisfallgladecanopytree05.obj;17207.5;37.02765;15011.8;-1;228.5;-10;0.8984375;132675;m2
tirisfallgladecanopytree05.obj;17612.09;40.29093;15348.99;-1;140;-10;0.8984375;132669;m2
tirisfallgladecanopytree05.obj;17381.08;38.64141;15154.05;-1;164.5;-10;0.8984375;132672;m2
tirisfallgladecanopytree05.obj;17600.62;48.91052;15450.67;-1;13;-10;0.8984375;143310;m2
tirisfallgladecanopytree05.obj;17373.92;55.60925;15376.61;-1;271.5;-10;0.8984375;143316;m2
tirisfallgladecanopytree05.obj;17120.41;43.28061;15229.58;-1;153;-10;0.8984375;333806;m2
tirisfallgladecanopytree03.obj;17072.3;60.56844;15379.37;0;15.0957;0;0.9296875;5497745;m2
tirisfallgladecanopytree04.obj;17564.88;40.55953;15326.64;-6;292;5.5;0.8193359;132579;m2
tirisfallgladecanopytree05.obj;17492.59;34.14197;15261.64;1;295.5;-3;0.8886719;132566;m2
tirisfallgladecanopytree04.obj;17444.78;39.27138;14979.45;-0.5;228.544;9.5;0.8291016;132610;m2
tirisfallgladecanopytree02.obj;17082.52;45.91158;15262.71;1;318.5;-2;0.75;333813;m2
tirisfallgladecanopytree06.obj;17240.95;35.44822;15056.99;0;295.829;0;0.8984375;132631;m2
tirisfallgladecanopytree06.obj;17590.89;40.13385;15073.5;0;197.5;0;0.8984375;132667;m2
tirisfallgladecanopytree06.obj;17617.9;41.58138;15350.06;0;147;0;0.8984375;132670;m2
tirisfallgladecanopytree06.obj;17386.81;39.25035;15152.62;0;171.5;0;0.8984375;132673;m2
tirisfallgladecanopytree06.obj;17208.73;37.01145;15006.02;0;235.5;0;0.8984375;132676;m2
tirisfallgladecanopytree06.obj;17596.27;50.02241;15454.66;0;20;0;0.8984375;143312;m2
tirisfallgladecanopytree06.obj;17370.88;55.30354;15371.55;0;278.5;0;0.8984375;143318;m2
tirisfallgladecanopytree06.obj;17068.9;19.55775;15097;0;194.5;0;0.8984375;333789;m2
tirisfallgladecanopytree06.obj;17126.31;45.93436;15229.32;0;160;0;0.8984375;333807;m2
tirisfallgladecanopytree05.obj;17082;61.17846;15437.48;0;65.2388;0;0.8818359;5497749;m2
tirisfallgladecanopytree05.obj;17175.25;39.26182;14989.05;1;21;-3;0.859375;132773;m2
tirisfallgladecanopytree05.obj;17504.38;37.41208;15175.05;1;21;-3;0.859375;132779;m2
tirisfallgladecanopytree05.obj;17254.53;40.7058;15190.04;1;21;-3;0.859375;333804;m2
tirisfallgladecanopytree05.obj;17488.6;34.44929;15247.95;1;270.33;0;0.8691406;132564;m2
tirisfallgladecanopytree06.obj;17446.58;39.73763;15330.48;0.5;274.879;-6.5;0.8378906;143321;m2
tirisfallgladecanopytree06.obj;17502.39;47.8591;15451.91;0.5;180.879;-6.5;0.8378906;143342;m2
tirisfallgladecanopytree06.obj;17417.61;43.45828;15386.59;0.5;333.879;-6.5;0.8378906;143349;m2
tirisfallgladecanopytree06.obj;17319.13;39.22961;15213.22;0.5;157.379;-6.5;0.8378906;143356;m2
tirisfallgladecanopytree06.obj;17420.54;35.01834;15274.11;0.5;157.379;-6.5;0.8378906;143363;m2
tirisfallgladecanopytree06.obj;17277.73;36.16863;15055.65;1;75;8;0.8085938;132660;m2
tirisfallgladecanopytree05.obj;17161.77;38.94643;14991.86;1;355.83;0;0.8378906;132775;m2
tirisfallgladecanopytree05.obj;17490.9;35.39489;15177.86;1;355.83;0;0.8378906;132781;m2
tirisfallgladecanopytree05.obj;17236.14;39.7883;15192.88;1;355.83;0;0.8378906;333801;m2
tirisfallgladecanopytree05.obj;17057.1;61.65638;15425.44;0;31.65567;0;0.8417969;5497750;m2
tirisfallgladecanopytree06.obj;17322.38;49.4579;15380.22;1.5;183.812;-3.5;0.8105469;143389;m2
tirisfallgladecanopytree06.obj;17557.14;73.04586;14936.46;0.5;342.879;-6.5;0.7880859;132815;m2
tirisfallgladecanopytree06.obj;17427.29;38.48949;15181.67;0.5;342.879;-6.5;0.7880859;132829;m2
tirisfallgladecanopytree04.obj;17584.6;42.24263;15216.75;-0.5;277.544;9.5;0.75;132615;m2
tirisfallgladecanopytree06.obj;17367.37;39.12328;15076.4;0;86.5;0;0.7998047;132622;m2
tirisfallgladecanopytree05.obj;17529.81;42.33416;15373.43;1;56.5;-3;0.7792969;143276;m2
tirisfallgladecanopytree05.obj;17284.38;36.21866;15053.84;-0.5;75;4.5;0.7685547;132661;m2
tirisfallgladecanopytree04.obj;17415.42;35.65206;15284.91;-6;156;5.5;0.7099609;143365;m2
tirisfallgladecanopytree04.obj;17358.19;37.89391;15068.46;-6;318.5;5.5;0.7099609;132621;m2
tirisfallgladecanopytree04.obj;17458.53;39.59298;15330.05;-6;273.5;5.5;0.7099609;143323;m2
tirisfallgladecanopytree04.obj;17423.38;40.95971;15376.13;-6;332.5;5.5;0.7099609;143351;m2
tirisfallgladecanopytree04.obj;17314.01;42.00045;15224.02;-6;156;5.5;0.7099609;143358;m2
tirisfallgladecanopytree04.obj;17501.99;48.91867;15463.86;-6;179.5;5.5;0.7099609;143344;m2
tirisfallgladecanopytree06.obj;17076.39;48.33986;15259.89;1;318.5;8;0.75;333811;m2
tirisfallgladecanopytree05.obj;17252.44;43.85464;14981.02;1;333.5;-3;0.7597656;132604;m2
tirisfallgladecanopytree05.obj;17443.44;45.1575;15449.22;1;333.5;-3;0.7597656;143266;m2
tirisfallgladecanopytree03.obj;17061.78;42.83889;15001.19;0;63.5;0;0.7685547;132690;m2
tirisfallgladecanopytree03.obj;17321.53;40.6019;15006.75;0;6.5;0;0.7685547;132694;m2
tirisfallgladecanopytree03.obj;17604.52;45.16948;15129.77;0;346;0;0.7685547;132682;m2
tirisfallgladecanopytree03.obj;17302.44;36.48177;15054.39;0;63.5;0;0.7685547;132686;m2
tirisfallgladecanopytree05.obj;17522.55;44.34826;15385.96;1;31.32959;0;0.7578125;143274;m2
tirisfallgladecanopytree02.obj;17360.27;38.21268;15078.72;-0.5;237.5;-8;0.609375;132620;m2
tirisfallgladecanopytree02.obj;17060.21;38.71419;14955.99;-4.5;297;-15;0.5693359;133097;m2
tirisfallgladecanopytree06.obj;17188.86;34.21276;15063.65;0;128.5;0;0.75;132843;m2
tirisfallgladecanopytree06.obj;17167.91;42.10711;15203.47;0;279.5;0;0.75;333808;m2
tirisfallgladecanopytree06.obj;17167.59;42.60295;14929.3;0;61;0;0.75;133115;m2
tirisfallgladecanopytree02.obj;17616.71;45.62449;15409.48;-4.5;240.964;-13;0.5703125;143377;m2
tirisfallgladecanopytree05.obj;17101.62;43.9948;14920.95;-1;344.5;-10;0.7099609;133136;m2
tirisfallgladecanopytree05.obj;17433.59;45.03069;15442.12;1;308.33;0;0.7392578;143264;m2
tirisfallgladecanopytree05.obj;17242.58;42.96429;14973.93;1;308.33;0;0.7392578;132602;m2
tirisfallgladecanopytree04.obj;17431.1;36.85181;15171.17;-6;341.5;5.5;0.6591797;132825;m2
tirisfallgladecanopytree04.obj;17163.03;44.9022;14918.92;-6;293;5.5;0.6591797;133114;m2
tirisfallgladecanopytree04.obj;17177.94;44.03804;15208.74;-6;151.5;5.5;0.6591797;333809;m2
tirisfallgladecanopytree04.obj;17560.95;74.52256;14925.97;-6;341.5;5.5;0.6591797;132811;m2
tirisfallgladecanopytree04.obj;17177.52;33.66381;15063.89;-6;0.5;5.5;0.6591797;132840;m2
tirisfallgladecanopytree05.obj;17075.16;50.19793;15266.14;-0.5;318.5;4.5;0.7099609;333810;m2
tirisfallgladecanopytree06.obj;17576.05;49.40192;14997.27;0;41;0;0.7285156;132626;m2
tirisfallgladecanopytree05.obj;17079.39;61.67692;15457.32;0;274.535;0;0.7255859;5497748;m2
tirisfallgladecanopytree06.obj;17304.13;49.81997;14945.53;0;340.5;0;0.7197266;132594;m2
tirisfallgladecanopytree06.obj;17344.69;42.4095;15272.91;0;325;0;0.7197266;336882;m2
tirisfallgladecanopytree06.obj;17307.84;33.41188;15119.32;0;238.5;0;0.7197266;132587;m2
tirisfallgladecanopytree05.obj;17443.06;38.3246;14986.26;1;333.5;-3;0.6992188;132609;m2
tirisfallgladecanopytree04.obj;17575.31;52.87602;14986.28;-6;273;5.5;0.6386719;132625;m2
tirisfallgladecanopytree06.obj;17097.1;44.30553;14922.08;0;351.5;0;0.7099609;133137;m2
tirisfallgladecanopytree02.obj;17160.68;43.63002;14928.32;-0.5;212;-8;0.5585938;133112;m2
tirisfallgladecanopytree02.obj;17173.93;41.40435;15199.93;-0.5;70.5;-8;0.5585938;333800;m2
tirisfallgladecanopytree05.obj;17361.11;42.92483;14995.86;-1;228.5;-10;0.6591797;132678;m2
tirisfallgladecanopytree05.obj;17433.99;39.09081;14979.73;1;308.33;0;0.6787109;132607;m2
tirisfallgladecanopytree06.obj;17569.38;39.75111;15335.6;0;60;0;0.6796875;132580;m2
tirisfallgladecanopytree02.obj;17570.08;49.04407;14994.05;-0.5;192;-8;0.5390625;132624;m2
tirisfallgladecanopytree05.obj;17087.6;37.36329;15030.86;0.5;151;-2.5;0.6484375;133061;m2
tirisfallgladecanopytree06.obj;17362.01;45.04591;14991.62;0;235.5;0;0.6591797;132679;m2
tirisfallgladecanopytree02.obj;17304.2;50.72005;14940.34;-0.5;131.5;-8;0.5292969;132595;m2
tirisfallgladecanopytree02.obj;17346.14;42.0274;15267.92;-0.5;116;-8;0.5292969;336883;m2
tirisfallgladecanopytree02.obj;17312.91;33.93715;15120.46;-0.5;29.5;-8;0.5292969;132588;m2
tirisfallgladecanopytree02.obj;17611.54;41.02515;15273.58;-4.5;346.464;-13;0.4892578;132857;m2
tirisfallgladecanopytree02.obj;17398.62;57.83543;15443.47;-4.5;328.464;-13;0.4892578;143278;m2
tirisfallgladecanopytree02.obj;17539.43;49.15615;15456.52;-4.5;318.464;-13;0.4892578;143282;m2
tirisfallgladecanopytree02.obj;17543.63;37.31797;15253.27;-4.5;57.96411;-13;0.4892578;143298;m2
tirisfallgladecanopytree02.obj;17363.69;40.66117;15313.66;-4.5;57.96411;-13;0.4892578;143369;m2
tirisfallgladecanopytree05.obj;17070.33;39.36809;15025.2;0;241.389;0;0.6367188;133056;m2
tirisfallgladecanopytree05.obj;17588.12;42.63492;15221.96;1;22.5;-3;0.6191406;132614;m2
tirisfallgladecanopytree04.obj;17456.37;33.01918;15198.15;-6;174.5;5.5;0.5585938;132793;m2
tirisfallgladecanopytree04.obj;17366.75;35.45815;15160.19;-6;174.5;5.5;0.5585938;132796;m2
tirisfallgladecanopytree04.obj;17610.29;45.36172;15438.44;-6;23;5.5;0.5585938;143309;m2
tirisfallgladecanopytree04.obj;17383.98;54.0116;15388.52;-6;281.5;5.5;0.5585938;143315;m2
tirisfallgladecanopytree06.obj;17608.58;41.46201;15271.69;0;24.0065;0;0.6142578;132858;m2
tirisfallgladecanopytree06.obj;17240.18;32.50888;15097.61;0;160.007;0;0.6142578;132862;m2
tirisfallgladecanopytree06.obj;17396.39;57.83266;15440.75;0;6.006531;0;0.6142578;143277;m2
tirisfallgladecanopytree06.obj;17537.7;49.31154;15453.46;0;356.007;0;0.6142578;143281;m2
tirisfallgladecanopytree06.obj;17540.89;37.67747;15255.48;0;95.5065;0;0.6142578;143297;m2
tirisfallgladecanopytree06.obj;17360.96;42.47359;15315.87;0;95.5065;0;0.6142578;143371;m2
tirisfallgladecanopytree02.obj;17564.41;39.47922;15334.56;-0.5;211;-8;0.4892578;132581;m2
tirisfallgladecanopytree04.obj;17615.74;44.72422;15402.77;0;169.53;0;0.6074219;143378;m2
tirisfallgladecanopytree05.obj;17578.5;41.67183;15224.22;1;357.33;0;0.5986328;132612;m2
tirisfallgladecanopytree04.obj;17602.74;45.26128;15137.89;-1.5;52;10.5;0.5292969;132683;m2
tirisfallgladecanopytree04.obj;17309.99;37.05463;15057.89;-1.5;129.5;10.5;0.5292969;132687;m2
tirisfallgladecanopytree04.obj;17069.33;42.76891;15004.69;-1.5;129.5;10.5;0.5292969;132691;m2
tirisfallgladecanopytree04.obj;17322.71;40.82318;15014.99;-1.5;72.5;10.5;0.5292969;132695;m2
tirisfallgladecanopytree03.obj;17486.38;34.21674;15255.08;0;28.38123;0;0.5849609;132563;m2
tirisfallgladecanopytree05.obj;17066.54;41.74395;14952.07;6;19;-8.5;0.5390625;133096;m2
tirisfallgladecanopytree06.obj;17306.15;42.34995;15221.01;0;284;0;0.5693359;143359;m2
tirisfallgladecanopytree06.obj;17459.49;40.62868;15338.4;0;41.5;0;0.5693359;143324;m2
tirisfallgladecanopytree06.obj;17493.59;49.82874;15464.23;0;307.5;0;0.5693359;143345;m2
tirisfallgladecanopytree06.obj;17431.04;42.57842;15379.61;0;100.5;0;0.5693359;143352;m2
tirisfallgladecanopytree06.obj;17407.56;36.44599;15281.9;0;284;0;0.5693359;143366;m2
tirisfallgladecanopytree05.obj;17309.71;52.69079;14936.03;0.5;87.5;-2.5;0.5498047;132592;m2
tirisfallgladecanopytree05.obj;17315.97;33.98073;15126.75;0.5;345.5;-2.5;0.5498047;132585;m2
tirisfallgladecanopytree05.obj;17352.6;40.32552;15265.24;0.5;72;-2.5;0.5498047;336878;m2
tirisfallgladecanopytree06.obj;17203.48;38.47976;14960.65;0;317;0;0.5585938;133021;m2
tirisfallgladecanopytree03.obj;17497.61;36.73895;15180.47;0;113.881;0;0.5546875;132782;m2
tirisfallgladecanopytree03.obj;17247.76;41.95635;15195.46;0;113.881;0;0.5546875;333802;m2
tirisfallgladecanopytree03.obj;17168.48;38.56329;14994.47;0;113.881;0;0.5546875;132776;m2
tirisfallgladecanopytree05.obj;17331.29;35.33041;15127.72;0;75.8887;0;0.5380859;132583;m2
tirisfallgladecanopytree05.obj;17354.5;40.84773;15250.02;0;162.389;0;0.5380859;336880;m2
tirisfallgladecanopytree06.obj;17061.49;39.17752;15025.1;-0.5;28.12659;3.5;0.5185547;133055;m2
tirisfallgladecanopytree06.obj;17127.94;38.95744;14997.9;0;198.5;0;0.5292969;132759;m2
tirisfallgladecanopytree06.obj;17603.64;49.05259;15018.18;0;0;0;0.5292969;132635;m2
tirisfallgladecanopytree06.obj;17512.62;40.4806;14990.08;0;254.5;0;0.5292969;132647;m2
tirisfallgladecanopytree06.obj;17456.95;34.82004;15138.79;0;123.5;0;0.5292969;132754;m2
tirisfallgladecanopytree06.obj;17119.47;35.91558;15014.41;0;198.5;0;0.5292969;132761;m2
tirisfallgladecanopytree06.obj;17475.09;35.77648;15142.7;0;123.5;0;0.5292969;132752;m2
tirisfallgladecanopytree06.obj;17173.93;41.00571;15126.49;0;263;0;0.5292969;333798;m2
tirisfallgladecanopytree04.obj;17392.79;57.32678;15444.03;0;257.03;0;0.5273438;143279;m2
tirisfallgladecanopytree04.obj;17544.14;37.08307;15259.11;0;346.53;0;0.5273438;143299;m2
tirisfallgladecanopytree04.obj;17606.17;40.70024;15275.92;0;275.03;0;0.5273438;132859;m2
tirisfallgladecanopytree04.obj;17244.85;31.96029;15096.24;0;51.02979;0;0.5273438;132863;m2
tirisfallgladecanopytree04.obj;17533.59;48.46176;15456.06;0;247.03;0;0.5273438;143283;m2
tirisfallgladecanopytree04.obj;17364.2;40.61346;15319.49;0;346.53;0;0.5273438;143370;m2
tirisfallgladecanopytree04.obj;17211.64;38.06323;14959.14;-6;189;5.5;0.4697266;133020;m2
tirisfallgladecanopytree05.obj;17068.89;15.64629;15103.04;1.5;119;-6.5;0.5;333792;m2
tirisfallgladecanopytree05.obj;17591.21;42.32027;15079.53;1.5;122;-6.5;0.5;132665;m2
tirisfallgladecanopytree05.obj;17384.45;39.07734;15158.18;1.5;96;-6.5;0.5;132671;m2
tirisfallgladecanopytree05.obj;17376.88;54.57072;15372.19;1.5;203;-6.5;0.5;143317;m2
tirisfallgladecanopytree05.obj;17122.88;45.79081;15234.29;1.5;84.5;-6.5;0.5;333814;m2
tirisfallgladecanopytree05.obj;17212.68;37.4744;15010.58;1.5;160;-6.5;0.5;132674;m2
tirisfallgladecanopytree05.obj;17595.7;49.02425;15448.65;1.5;304.5;-6.5;0.5;143311;m2
tirisfallgladecanopytree06.obj;17438.47;36.03112;15173.34;0;109.5;0;0.5185547;132826;m2
tirisfallgladecanopytree06.obj;17568.33;74.4392;14928.14;0;109.5;0;0.5185547;132812;m2
tirisfallgladecanopytree05.obj;17561.43;40.21762;15328.82;0.5;167;-2.5;0.5097656;132578;m2
tirisfallgladecanopytree06.obj;17484.42;44.41633;15391.27;0;350.507;0;0.5029297;143375;m2
tirisfallgladecanopytree02.obj;17485.46;44.10671;15393.95;-4.5;312.964;-13;0.3798828;143373;m2
tirisfallgladecanopytree06.obj;17495.41;34.67427;15250.05;0;117.923;-1.5;0.4941406;132567;m2
tirisfallgladecanopytree05.obj;17547.23;38.23284;15328.3;0;257.389;0;0.4980469;132576;m2
tirisfallgladecanopytree03.obj;17528.67;44.02013;15384.2;0;149.381;0;0.4736328;143275;m2
tirisfallgladecanopytree02.obj;17426.83;42.91504;15381.76;-0.5;251.5;-8;0.3798828;143350;m2
tirisfallgladecanopytree02.obj;17496.36;48.89935;15460.41;-0.5;98.5;-8;0.3798828;143343;m2
tirisfallgladecanopytree02.obj;17310.22;40.99331;15218.61;-0.5;75;-8;0.3798828;143357;m2
tirisfallgladecanopytree02.obj;17411.63;36.11104;15279.5;-0.5;75;-8;0.3798828;143364;m2
tirisfallgladecanopytree02.obj;17455.48;40.3037;15335.9;-0.5;192.5;-8;0.3798828;143322;m2
tirisfallgladecanopytree06.obj;17164.42;40.68523;14985.61;0;203.423;-1.5;0.4648438;132772;m2
tirisfallgladecanopytree06.obj;17493.55;35.50639;15171.61;0;203.423;-1.5;0.4648438;132778;m2
tirisfallgladecanopytree05.obj;17059.34;14.23049;15103.91;-2;187.5;0;0.4599609;333790;m2
tirisfallgladecanopytree05.obj;17233.23;34.68463;15051.75;0;284.556;0;0.4599609;132632;m2
tirisfallgladecanopytree02.obj;17205.71;38.53181;14956.03;-0.5;108;-8;0.3691406;133019;m2
tirisfallgladecanopytree03.obj;17245.14;43.18622;14979.55;0;66.3812;0;0.4541016;132601;m2
tirisfallgladecanopytree03.obj;17436.14;45.05987;15447.74;0;66.3812;0;0.4541016;143265;m2
tirisfallgladecanopytree03.obj;17056.47;37.58062;14964.91;0;18.5;0;0.4492188;133098;m2
tirisfallgladecanopytree06.obj;17337.77;35.70507;15125.88;-0.5;222.627;3.5;0.4199219;132582;m2
tirisfallgladecanopytree03.obj;17538.81;35.01712;15111.84;0;0;0;0.4296875;130973;m2
tirisfallgladecanopytree06.obj;17360.46;34.39104;15159.69;0;302.5;0;0.4199219;132797;m2
tirisfallgladecanopytree06.obj;17450.08;34.57108;15197.66;0;302.5;0;0.4199219;132794;m2
tirisfallgladecanopytree06.obj;17131.66;32.25259;15053.94;0;302.5;0;0.4199219;132800;m2
tirisfallgladecanopytree06.obj;17385.34;53.31081;15394.69;0;49.5;0;0.4199219;143313;m2
tirisfallgladecanopytree04.obj;17480.94;43.60202;15393.13;0;241.53;0;0.4160156;143374;m2
tirisfallgladecanopytree02.obj;17564.59;73.4788;14930.76;-0.5;260.5;-8;0.3291016;132813;m2
tirisfallgladecanopytree02.obj;17434.74;36.72377;15175.97;-0.5;260.5;-8;0.3291016;132827;m2
tirisfallgladecanopytree05.obj;17416.38;35.91518;15281.14;0.5;31;-2.5;0.3984375;143367;m2
tirisfallgladecanopytree05.obj;17501.37;48.93499;15460.02;0.5;54.5;-2.5;0.3984375;143346;m2
tirisfallgladecanopytree05.obj;17454.74;39.98815;15330.93;0.5;148.5;-2.5;0.3984375;143325;m2
tirisfallgladecanopytree05.obj;17422.2;42.5481;15379.83;0.5;207.5;-2.5;0.3984375;143353;m2
tirisfallgladecanopytree05.obj;17314.96;41.04279;15220.25;0.5;31;-2.5;0.3984375;143360;m2
tirisfallgladecanopytree05.obj;17210.44;38.77879;14954.92;0.5;64;-2.5;0.3886719;133022;m2
tirisfallgladecanopytree03.obj;17436.51;37.31553;14984.72;0;66.3812;0;0.3935547;132606;m2
tirisfallgladecanopytree06.obj;17541.64;36.62236;15330.17;-0.5;44.12659;3.5;0.3798828;132575;m2
tirisfallgladecanopytree06.obj;17498.73;37.4183;15177.55;0;101.005;0;0.3886719;132780;m2
tirisfallgladecanopytree06.obj;17236.77;35.9772;15176.16;0;101.005;0;0.3886719;333803;m2
tirisfallgladecanopytree06.obj;17169.6;39.8769;14991.55;0;101.005;0;0.3886719;132774;m2
tirisfallgladecanopytree06.obj;17521.58;44.09092;15380.09;0;238.923;-1.5;0.3847656;143273;m2
tirisfallgladecanopytree05.obj;17413.73;44.01787;15386.86;0;297.889;0;0.3867188;143348;m2
tirisfallgladecanopytree05.obj;17444.36;39.8896;15327.3;0;238.889;0;0.3867188;143320;m2
tirisfallgladecanopytree05.obj;17505.72;48.11011;15449.91;0;144.889;0;0.3867188;143341;m2
tirisfallgladecanopytree05.obj;17322.98;39.41608;15212.71;0;121.389;0;0.3867188;143355;m2
tirisfallgladecanopytree05.obj;17424.39;34.88474;15273.6;0;121.389;0;0.3867188;143362;m2
tirisfallgladecanopytree06.obj;17248.27;43.9697;14972.34;0;155.923;-1.5;0.3642578;132603;m2
tirisfallgladecanopytree06.obj;17439.28;45.00538;15440.53;0;155.923;-1.5;0.3642578;143263;m2
tirisfallgladecanopytree06.obj;17545.17;35.10039;15104.95;0;67;0;0.359375;148255;m2
tirisfallgladecanopytree05.obj;17560.36;73.97739;14929.72;0.5;216.5;-2.5;0.3486328;132814;m2
tirisfallgladecanopytree05.obj;17430.51;37.48423;15174.92;0.5;216.5;-2.5;0.3486328;132828;m2
tirisfallgladecanopytree05.obj;17354.47;37.66639;15073.92;0.5;247;-2.5;0.3486328;132623;m2
tirisfallgladecanopytree06.obj;17436.32;34.00611;15238.59;0;265.5;0;0.3398438;132655;m2
tirisfallgladecanopytree06.obj;17278.57;36.12038;15053.85;0;75;0;0.3398438;132659;m2
tirisfallgladecanopytree05.obj;17424.19;39.61243;15182.14;0;306.889;0;0.3378906;132830;m2
tirisfallgladecanopytree05.obj;17554.04;73.68345;14936.93;0;306.889;0;0.3378906;132816;m2
tirisfallgladecanopytree03.obj;17583.26;41.75788;15225.06;0;115.381;0;0.3134766;132611;m2
tirisfallgladecanopytree06.obj;17439.24;39.73194;14978.58;0;155.9225;-1.5;0.3046875;132608;m2
tirisfallgladecanopytree05.obj;17178.68;33.48592;15069.73;0.5;289;-2.5;0.2998047;132841;m2
tirisfallgladecanopytree02.obj;17452.78;34.20853;15195.01;-0.5;93.5;-8;0.2285156;132792;m2
tirisfallgladecanopytree02.obj;17363.16;35.51094;15157.04;-0.5;93.5;-8;0.2285156;132795;m2
tirisfallgladecanopytree02.obj;17134.36;33.1228;15051.28;-0.5;93.5;-8;0.2285156;132798;m2
tirisfallgladecanopytree02.obj;17382.02;54.87762;15392.88;-0.5;200.5;-8;0.2285156;143314;m2
tirisfallgladecanopytree05.obj;17569.82;51.62858;14987.78;0.5;201.5;-2.5;0.2792969;132627;m2
tirisfallgladecanopytree06.obj;17077.58;47.99642;15261.46;0;318.5;0;0.2792969;333812;m2
burningmidtree01.obj;17583.99;44.11435;15021.52;0;301;0;2.259766;2670628;m2
tirisfallgladecanopytree06.obj;17440.78;40.10101;15327.43;-0.5;25.62659;3.5;0.2685547;143319;m2
tirisfallgladecanopytree06.obj;17412;44.57751;15389.99;-0.5;84.62659;3.5;0.2685547;143347;m2
tirisfallgladecanopytree06.obj;17324.52;38.78595;15209.48;-0.5;268.127;3.5;0.2685547;143354;m2
tirisfallgladecanopytree06.obj;17425.94;34.11512;15270.37;-0.5;268.127;3.5;0.2685547;143361;m2
tirisfallgladecanopytree06.obj;17505.84;47.48623;15446.33;-0.5;291.627;3.5;0.2685547;143340;m2
tirisfallgladecanopytree05.obj;17364.23;43.57027;14994.71;1.5;160;-6.5;0.2597656;132677;m2
tirisfallopengrave01.obj;17587.62;44.15044;15030.02;0;179.5;0;1.629883;2670615;m2
tirisfallgladecanopytree06.obj;17581.15;42.9058;15220.32;0;204.923;-1.5;0.2255859;132613;m2
tirisfallgladecanopytree06.obj;17423.56;40.11791;15184.6;-0.5;93.62659;3.5;0.2197266;132831;m2
tirisfallgladecanopytree06.obj;17553.41;73.50757;14939.39;-0.5;93.62659;3.5;0.2197266;132817;m2
redridgefallentree02moss.obj;17066.56;10.72983;15122.5;0;30.5;0;1.308594;333791;m2
rakecart.obj;17474.38;35.4522;15087.38;0;317.5;0;1;130983;m2
burningmidtree01.obj;17583.07;44.10109;15021.62;0;214.5;0;1.208984;2670617;m2
gardenarch.obj;17519.62;35.38052;15093.07;0;89;0;1;130952;m2
gardenarch.obj;17526.3;34.99547;15093.31;0;271;0;1;130957;m2
gardenarch.obj;17534.6;34.52501;15085.59;0;356.5;0;1;130971;m2
westfallwagon01.obj;17525.01;34.52501;15070.31;0;41;0;1;130986;m2
tirisfalltreestump02.obj;17083.71;36.49495;15062.69;12.5;220.933;-3;0.9599609;332961;m2
westfallshed.obj;17501.33;35.3466;15018.72;0;304;0;1;130563;m2
westfallhaywagon.obj;17504.31;34.62679;15051.46;0;355.5;0;1;130981;m2
tirisfalltreestump02.obj;17312.37;34.57207;15067.61;11.5;63.5;2.5;0.8193359;132684;m2
tirisfalltreestump02.obj;17071.71;41.46095;15014.41;11.5;63.5;2.5;0.8193359;132688;m2
tirisfalltreestump01.obj;17089.12;37.45766;15072.72;0;273.359;0;0.7529297;332960;m2
tirisfalltreestump02.obj;17593.77;42.94149;15142.32;11.5;346;2.5;0.8193359;132680;m2
gardenarchrightpost.obj;17512.01;35.83743;15090.21;-4;337;94;1;130950;m2
tombstonemonument01.obj;17587.64;43.5507;15021.54;0;1;0;1.239258;2670598;m2
gardenarchleftpost.obj;17513.02;35.4522;15095.74;0;1.5;0;1;130949;m2
trellis01.obj;17516.03;35.4522;15095.75;0;270;0;1;130953;m2
trellis01.obj;17516.16;35.1368;15090.62;0;269;0;1;130954;m2
trellis01.obj;17522.95;35.34768;15095.65;0;90;0;1;130955;m2
trellis01.obj;17522.66;35.09394;15090.8;0;270;0;1;130956;m2
gardenarchtop.obj;17505.31;35.09102;15090.41;-83.5;86;6;1;130951;m2
tirisfalltreestump02.obj;17315.86;39.61616;15022.28;11.5;6.5;2.5;0.8193359;132692;m2
flies01.obj;17586.45;44.50083;15029.1;0;239;0;2.679688;2670641;m2
tirisfallwindowplantera.obj;17510.64;35.4522;15098.95;0;88;0;1;130466;m2
tirisfallwindowplantera.obj;17510.09;35.4522;15108.28;0;268;0;1;130467;m2
tirisfallplanter.obj;17538.92;34.5667;15097.44;0;88;0;1;130975;m2
plaguelandwesternbush03.obj;17592.44;44.3041;15022.28;25.766;312.428;5.40053;0.6796875;2670635;m2
tirisfallplanter.obj;17539.15;34.63807;15088.92;0;88.5;0;1;130974;m2
tirisfallplanter.obj;17539.02;34.60793;15093.63;0;268.5;0;1;130979;m2
stonesignpost01.obj;17430.96;32.52248;15263.5;0;307.5;0;1;392051;m2
tirisfallplanter.obj;17529.88;34.63509;15097.42;0;179;0;1;130465;m2
tirisfallplanter.obj;17530.35;34.53748;15089.06;0;359.5;0;1;130464;m2
plow.obj;17423.49;35.4522;15027.22;0;314.5;0;1;130985;m2
flies01.obj;17586.97;44.54527;15032.44;0;311;0;2.429688;2670640;m2
deadmule.obj;17481.63;35.4522;15081.3;0;126;0;1;130984;m2
burningmidtree01.obj;17583.51;43.79726;15022.4;0;285.5;0;0.5498047;2670627;m2
westernplaguelandslampoststraightoff.obj;17070.76;34.24247;15040.7;0;344;0;1;141039;m2
westernplaguelandslampoststraightoff.obj;17133.98;32.61287;15075.38;0;339;0;1;141042;m2
westernplaguelandslampoststraightoff.obj;17227.18;32.42999;15093.72;0;341;0;1;141043;m2
westernplaguelandslampoststraightoff.obj;17297.56;33.31573;15150;0;321.5;0;1;141044;m2
westernplaguelandslampoststraightoff.obj;17376.13;32.47216;15190.6;0;313.5;0;1;141059;m2
westernplaguelandslampoststraightoff.obj;17421.21;32.29513;15256.52;0;313.5;0;1;141074;m2
westernplaguelandslampostbroken01.obj;17505.24;33.06272;15314.63;0;28.5;0;1;141075;m2
plaguelandwesternbush03.obj;17582.17;44.34948;15018.32;2.11764;20.12372;6.39912;0.6796875;2670633;m2
duskscarecrow.obj;17451.17;35.4522;15050.9;1;285.5;-4.5;1;130982;m2
plaguelandwesternbush03.obj;17590.62;43.82102;15022.54;1.01141;345.076;-3.06157;0.6796875;2670634;m2
duskwoodfencebottombroken.obj;17542.39;35.08298;15086.32;-5;187;-1.5;1;130970;m2
westfallfence.obj;17412.81;35.85546;14998.49;-5;260;4;1;130468;m2
westfallfence.obj;17398.01;35.47538;15111.43;4.5;260.5;2.5;1;130525;m2
westfallfence.obj;17538.08;34.83664;15086.2;-1.5;269;-6.5;1.018555;130972;m2
westfallfence.obj;17484.96;36.90478;15009.48;-3.5;260.5;1.5;1;130489;m2
duskwoodfencebottom.obj;17542.76;35.27526;15102.52;-3.5;179;-2.5;1;130966;m2
westfallfence.obj;17402.04;35.47206;15112.1;4;259.5;2;1;130526;m2
westfallfence.obj;17542.85;35.13799;15090.15;-2.5;182;-7.5;1;130969;m2
westfallfence.obj;17538.39;35.35912;15114.76;-2.5;88;5;1;130962;m2
westfallfence.obj;17542.48;35.37982;15114.93;-2.5;88;5;1;130963;m2
westfallfence.obj;17542.68;35.15137;15098.43;-2.5;181.5;-3.5;1;130967;m2
westfallfence.obj;17417.46;35.4522;15114.33;-2;263;4;1;130530;m2
westfallfence.obj;17542.55;35.38735;15110.91;-2.5;179;-0.5;1;130964;m2
westfallfence.obj;17542.61;35.29309;15106.71;-2.5;179;-0.5;1;130965;m2
westfallfence.obj;17409.97;35.4522;15019.5;-2;351.5;4;1;130519;m2
westfallfence.obj;17476.53;37.06324;15008.07;-2;260.5;4;1;130487;m2
westfallfence.obj;17489.54;35.4522;15124.32;-2;261;4;1;130551;m2
westfallfence.obj;17542.93;35.19995;15094.36;-2.5;177.5;-7.5;1;130968;m2
westfallfence.obj;17406.53;35.50288;15045.49;3;351;3;1;130513;m2
westfallfence.obj;17421.61;35.4522;15114.8;-2;263;1;1;130531;m2
westfallfence.obj;17401.05;35.57723;15087.52;-2;353.5;1;1;130499;m2
westfallfence.obj;17401.51;35.54163;15083.37;-2;352.5;1.5;1;130500;m2
duskwoodfencetop.obj;17416.83;35.44232;14999.13;-1.5;263;2.5;1;130469;m2
westfallfence.obj;17409.34;35.4522;15023.64;-1.5;351.5;5;1;130518;m2
westfallfence.obj;17410.58;35.45062;15015.28;-2;351;2;1;130520;m2
westfallfence.obj;17425.75;35.4522;15115.3;-2;262;1.5;1;130532;m2
duskwoodfencetop.obj;17429.77;35.4522;15115.9;-1.5;263.5;2.5;1;130533;m2
duskwoodfencetop.obj;17402.08;35.50609;15079.35;-1.5;354;2.5;1;130501;m2
westfallfence.obj;17450.6;36.13929;15004.16;3;260;3;1;130481;m2
westfallfence.obj;17403.5;35.58453;15066.82;2;353.5;0.5;1;130505;m2
westfallfence.obj;17442.29;35.4522;15117.44;2;263;0.5;1;130537;m2
westfallfence.obj;17485.41;35.4522;15123.65;-1.5;261;5;1;130550;m2
westfallfence.obj;17580.61;43.82531;15034.64;2;1;0.5;1;2670605;m2
westfallfence.obj;17480.74;37.03238;15008.74;-2;260;2;1;130488;m2
westfallfence.obj;17493.77;35.4522;15124.96;-2;260.5;2;1;130552;m2
westfallfence.obj;17593.05;43.70679;15019.41;2;90.5;3;1;2670612;m2
westfallfence.obj;17429.33;35.55114;15000.77;2;262.5;0.5;1;130473;m2
westfallfence.obj;17488.99;36.68462;15010.13;-2;261.5;0.5;1;130490;m2
westfallfence.obj;17407.16;35.47297;15041.47;2.5;351;3;1;130514;m2
westfallfence.obj;17411.24;35.15917;15011.05;-1.5;351.5;1.5;1;130521;m2
westfallfence.obj;17454.62;36.35056;15004.87;2.5;260;3;1;130482;m2
westfallfence.obj;17405.29;35.59336;15053.87;2;351.5;2;1;130511;m2
westfallfence.obj;17497.99;35.4522;15125.66;-1.5;261;1.5;1;130553;m2
westfallfence.obj;17405.92;35.54766;15049.73;1.5;352.5;0.5;1;130512;m2
westfallfence.obj;17400.62;35.59847;15091.68;-1;353.5;3;1;130498;m2
westfallfence.obj;17442.24;35.72093;15002.78;2;260.5;2;1;130479;m2
westfallfence.obj;17446.38;35.88005;15003.49;1.5;261.5;0.5;1;130480;m2
duskwoodfencebottom.obj;17403.03;35.5799;15071;2;353;4.5;1;130504;m2
westfallfence.obj;17530.37;35.5634;15114.68;-0.5;82.5;5;1;130562;m2
westfallfence.obj;17526.69;34.82813;15085.59;-1;174.5;0.5;1;130977;m2
westfallfence.obj;17398.52;35.48713;15107.11;2;350.5;3;1;130494;m2
duskwoodfencebottom.obj;17438.11;35.50776;15116.93;2;262.5;4.5;1;130536;m2
duskwoodfencebottom.obj;17425.16;35.46851;15000.22;2;262;4.5;1;130472;m2
plaguelandwesternbush01.obj;17582.27;43.95674;15020.3;3.67899;337.541;6.46039;0.5292969;2670642;m2
westfallfence.obj;17530.99;34.80389;15085.68;-1;88.5;0.5;1;130976;m2
westfallfence.obj;17412.42;35.30301;15002.77;1.5;351;1.5;1;130523;m2
westfallfence.obj;17506.25;35.4522;15126.91;1.5;260.5;1.5;1;130555;m2
westfallfence.obj;17472.39;37.02503;15007.36;-0.5;260.5;4;1;130486;m2
westfallfence.obj;17493.21;36.55923;15010.81;-1;260;1.5;1;130491;m2
duskwoodfencebottombroken.obj;17580.93;44.36152;15019.74;0;273.5;0;1;2670611;m2
duskwoodfencebottombroken.obj;17400.3;35.58607;15095.13;0;173.5;0;1;130497;m2
duskwoodfencebottombroken.obj;17408.88;35.4522;15029.58;0;173.5;0;1;130517;m2
westfallfence.obj;17411.82;35.16815;15007;-0.5;351.5;2;1;130522;m2
duskwoodfencebottombroken.obj;17466.47;36.83942;15006.8;0;82.5;0;1;130485;m2
duskwoodfencebottombroken.obj;17414.01;35.4522;15113.98;0;83;0;1;130529;m2
duskwoodfencebottombroken.obj;17479.48;35.4522;15123.14;0;83;0;1;130549;m2
westfallfence.obj;17502.03;35.4522;15126.28;-0.5;261;2;1;130554;m2
duskwoodfencebottombroken.obj;17534.34;35.12362;15114.69;0;90.5;2.5;1;130961;m2
westfallfence.obj;17397.88;35.47219;15111.15;0;351;3;1;130493;m2
westfallfence.obj;17402.53;35.50177;15075.1;0;353.5;2;1;130503;m2
westfallfence.obj;17421.07;35.35254;14999.66;0;262.5;2;1;130471;m2
westfallfence.obj;17434.02;35.4522;15116.4;0;263;2;1;130535;m2
westfallfence.obj;17455.22;35.4522;15119.33;0.5;261;1;1;130543;m2
westfallfence.obj;17463.58;35.4522;15120.65;1;260.5;3;1;130545;m2
duskwoodfencetopbroken.obj;17407.6;35.45416;15037.07;4;350.5;-1;1;130515;m2
westfallfence.obj;17459.35;35.4522;15120.01;0;262;0.5;1;130544;m2
westfallfence.obj;17467.61;35.4522;15121.32;0.5;260.5;3;1;130546;m2
duskwoodfencetopbroken.obj;17406.04;35.47092;15112.78;3.5;260;0;1;130527;m2
duskwoodfencetopbroken.obj;17458.65;36.5854;15005.57;-2;259.5;1.5;1;130483;m2
duskwoodfencetopbroken.obj;17399.16;35.52727;15103.11;-1;350.5;1;1;130495;m2
duskwoodfencetopbroken.obj;17471.72;35.4522;15121.97;1;260;0;1;130547;m2
duskwoodfencerail.obj;17580.05;43.83482;15025.54;-3.58015;3.021484;1.02059;1;2670610;m2
duskwoodfencetopbroken.obj;17588.99;44.32631;15019.47;-1;90.5;1;1;2670613;m2
duskwoodfencerail.obj;17430.09;35.56331;15115.63;0;252;-106;1;130534;m2
duskwoodfencerail.obj;17580.65;43.8872;15024.12;-0.288746;359.25;-2.67348;1;2670609;m2
duskwoodfencerail.obj;17405.22;35.82333;15058.07;1;348.5;0.5;1;130510;m2
duskwoodfencerail.obj;17401.8;35.50957;15079.03;-2;342.5;-106.5;1;130502;m2
duskwoodfencerail.obj;17451.02;35.67443;15119.23;1;258;0.5;1;130542;m2
duskwoodfencerail.obj;17438.05;35.78957;15002.64;1;257.5;0.5;1;130478;m2
duskwoodfencerail.obj;17417.15;35.46942;14998.86;-2;251.5;-106.5;1;130470;m2
duskwoodfencerail.obj;17406.41;35.55269;15058.05;5.5;333;-0.5;1;130509;m2
duskwoodfencerail.obj;17451.03;35.4522;15120.42;5.5;242.5;-0.5;1;130541;m2
duskwoodfencerail.obj;17438.05;35.49981;15003.83;5.5;242;-0.5;1;130477;m2
plaguelandwesternbush03.obj;17591.89;43.94221;15023.66;9.52632;303.877;0.600528;0.4785156;2670636;m2
plaguelandwesternbush03.obj;17592.13;43.74815;15029.27;3.11264;224.876;-4.5432;0.4785156;2670638;m2
duskwoodfencerail.obj;17433.59;35.80781;15001.86;1;211.5;0.5;1;130475;m2
duskwoodfencerail.obj;17446.56;35.67443;15118.49;1;212;0.5;1;130539;m2
westfallfence.obj;17499.7;36.02818;15014.77;1.5;36.5;1.5;1;130564;m2
plaguelandwesternbush03.obj;17591.05;43.88188;15030.95;3.57132;126.171;4.0366;0.4785156;2670649;m2
duskwoodfencerail.obj;17404.52;35.82697;15062.54;1;302.5;0.5;1;130507;m2
plaguelandwesternbush01.obj;17591.72;43.82074;15035.52;3.67899;345.541;6.46039;0.4785156;2670643;m2
westfallfence.obj;17513.39;35.43679;15125.05;1.5;129.5;1.5;1;130557;m2
tirisfalltreestump02.obj;17084.74;12.09534;15118.1;0;0;0;0.5292969;333793;m2
scourgebodyhanging01.obj;17546.49;41.6111;15107.53;0;68.5;0;1;148256;m2
westfallfence.obj;17526.31;35.3853;15114.13;-2;130;4;1;130561;m2
westfallfence.obj;17516.65;35.42783;15122.28;-0.5;130;2;1;130558;m2
westfallfence.obj;17523.06;35.4112;15116.91;-2;129.5;2;1;130560;m2
westfallfence.obj;17519.76;35.39824;15119.63;-1.5;130;1.5;1;130559;m2
plaguelandwesternbush03.obj;17589.8;44.47195;15019.32;10.1893;282.792;-16.3869;0.4785156;2670637;m2
stormwindbench01.obj;17528.91;34.81419;15102.15;2;46.5;-4.5;1;130959;m2
stormwindbench01.obj;17528.82;35.16034;15111.25;2;316;-4.5;1;130960;m2
duskwoodfencerail.obj;17580.5;43.71154;15030.03;-2.17295;316.977;-0.976902;1;2670607;m2
well.obj;17521.71;34.55042;15086.89;0;253.5;0;1;130980;m2
plaguelandwesternbush03.obj;17582.2;43.96989;15021.35;-3.83161;152.009;-17.4731;0.3984375;2670619;m2
plaguelandwesternbush03.obj;17592.06;43.67131;15030.46;3.112645;191.8763;-4.5432;0.4785156;2670639;m2
plaguelandwesternbush03.obj;17592.01;43.69657;15031.63;3.33835;168.378;4.48218;0.4785156;2670648;m2
scourgebodyhangingfemale02.obj;17546.95;41.26669;15108.49;0;83;0;1;169906;m2
tirisfallfountain.obj;17533.54;34.54812;15106.97;-1;0;2;1;130958;m2
plaguelandwesternbush03.obj;17580.97;43.89339;15035.19;-16.9684;129.232;5.09607;0.3398438;2670622;m2
plaguelandwesternbush03.obj;17585.23;43.87181;15020.91;0;290;0;0.3984375;2670616;m2
plaguelandwesternbush03.obj;17581.61;43.84835;15022.48;-3.83161;127.509;-17.4731;0.3398438;2670620;m2
plaguelandwesternbush03.obj;17582.45;43.79839;15022.76;4.44618;256.591;-6.98602;0.3984375;2670618;m2
plaguelandwesternbush03.obj;17579.94;44.03119;15034.51;-1.64381;61.16031;11.7126;0.3398438;2670623;m2
westfallfencepost.obj;17462.29;36.70684;15006.27;0;350;0;1.058594;130484;m2
westfallfencepost.obj;17408.4;35.4522;15033.51;0;81;0;1.058594;130516;m2
westfallfencepost.obj;17475.54;35.4522;15122.63;0;350.5;0;1.058594;130548;m2
plaguelandwesternbush03.obj;17583.86;43.92529;15022.85;-8.07334;116.93;0.7227;0.3398438;2670621;m2
plaguelandwesternbush03.obj;17581.24;44.00873;15034.54;8.27032;22.5256;-7.09693;0.3398438;2670624;m2
westfallfencepost.obj;17399.77;35.56127;15099.47;-3;82;6.5;1;130496;m2
westfallfencepost.obj;17409.67;35.45885;15113.42;-3;351.5;6.5;1;130528;m2
westfallfencepost.obj;17437.27;35.54195;15002.41;80;353;-17.5;1;130476;m2
westfallfencepost.obj;17450.24;35.39666;15119.01;80;353.5;-17.5;1;130540;m2
westfallfencepost.obj;17405.01;35.54564;15058.86;80;84;-17.5;1;130508;m2
westfallfencepost.obj;17433.45;35.61071;15001.26;0;352;0;1;130474;m2
westfallfencepost.obj;17497.22;36.34883;15011.49;0;82;0;1;130492;m2
westfallfencepost.obj;17403.92;35.63022;15062.7;0;83;0;1;130506;m2
westfallfencepost.obj;17413.04;35.75587;14998.75;0;173;0;1;130524;m2
westfallfencepost.obj;17446.41;35.4522;15117.89;0;352.5;0;1;130538;m2
westfallfencepost.obj;17510.27;35.45695;15127.57;0;82.5;0;1;130556;m2
westfallfencepost.obj;17526.3;34.805;15089.73;0;359.5;0;1;130978;m2
westfallfencepost.obj;17580.49;43.87625;15030.5;0;90.5;0;1;2670606;m2
plaguelandwesternbush03.obj;17579.78;43.63326;15028.92;-7.65347;176.185;-8.39157;0.3798828;2670652;m2
plaguelandwesternbush03.obj;17590.42;43.79623;15036.45;-4.23663;172.376;-4.13587;0.3691406;2670644;m2
plaguelandwesternbush03.obj;17592.22;43.99427;15036.59;-3.90475;125.669;-0.607389;0.2998047;2670645;m2
plaguelandwesternbush03.obj;17580.22;43.99016;15019.84;-2.97417;76.6076;4.14478;0.3398438;2670626;m2
plaguelandwesternbush03.obj;17579.88;43.8726;15030.86;-6.74632;97.60431;-6.05909;0.3398438;2670625;m2
plaguelandwesternbush03.obj;17583.15;43.86816;15035.81;3.203319;178.9677;-0.768047;0.359375;2670629;m2
plaguelandwesternbush03.obj;17592.59;43.97207;15035.62;-1.96864;102.504;-3.39394;0.3085938;2670630;m2
flowersbunchdead01.obj;17585.93;43.82433;15023.93;15.3107;105.717;-10.7468;1.699219;2670604;m2
westfallfencepost.obj;17586.71;42.65803;15038.27;68.8948;42.76379;-1.65138;1;2670608;m2
direwolfsaddle.obj;17580.49;43.9999;15033.49;0;182.5;0;0.8691406;2670593;m2
flowersbunchdead02.obj;17585.62;43.85971;15024.23;3.24641;151.284;16.645;1.569336;2670602;m2
shovel.obj;17579.89;43.70641;15031.38;28.5346;88.92999;-30.1726;0.9296875;2670614;m2
candle03.obj;17586.98;48.61913;15021.9;0;296;0;0.9785156;2670646;m2
